word,stem_group,type
가뿐하다,0,원형
가뿐해지다,0,지다
가뿐해하다,0,-어 하다
가소롭다,1,원형
가소로워지다,1,지다
가소로워하다,1,-어 하다
가엾다,2,원형
가여워지다,2,지다
가여워하다,2,-어 하다
가증스럽다,3,원형
가증스러워지다,3,지다
가증스러워하다,3,-어 하다
가책하다,4,원형
가책되다,4,명사+기타
가책받다,4,명사+기타
간원하다,5,원형
간절하다,6,원형
간절해지다,6,지다
간절해하다,6,-어 하다
갈등하다,7,원형
갈등되다,7,명사+기타
갈등일다,7,명사+기타
갈망하다,8,원형
갈망되다,8,명사+기타
감개무량하다,9,원형
감개무량해지다,9,지다
감개무량해하다,9,-어 하다
감격스럽다,10,원형
감격스러워지다,10,지다
감격스러워하다,10,-어 하다
감격하다,11,원형
감격해지다,11,지다
감격되다,11,명사+기타
감동스럽다,12,원형
감동스러워지다,12,지다
감동스러워하다,12,-어 하다
감동하다,13,원형
감동되다,13,명사+기타
감미롭다,14,원형
감미로워지다,14,지다
감미로워하다,14,-어 하다
감복하다,15,원형
감복되다,15,명사+기타
감사하다,16,원형
감사해지다,16,지다
감사해하다,16,-어 하다
감탄스럽다,17,원형
감탄스러워지다,17,지다
감탄스러워하다,17,-어 하다
감탄하다,18,원형
감탄되다,18,명사+기타
갑갑하다,19,원형
갑갑해지다,19,지다
갑갑해하다,19,-어 하다
같잖다,20,원형
같잖아지다,20,지다
같잖아하다,20,-어 하다
개운하다,21,원형
개운해지다,21,지다
개운해하다,21,-어 하다
개탄스럽다,22,원형
개탄스러워지다,22,지다
개탄스러워하다,22,-어 하다
개탄하다,23,원형
개탄되다,23,명사+기타
거북스럽다,24,원형
거북스러워지다,24,지다
거북스러워하다,24,-어 하다
거북하다,25,원형
거북해지다,25,지다
거북해하다,25,-어 하다
걱정스럽다,26,원형
걱정스러워지다,26,지다
걱정스러워하다,26,-어 하다
걱정하다,27,원형
걱정되다,27,명사+기타
걸근거리다,28,원형
걸근거려지다,28,지다
걸근거려하다,28,-어 하다
걸리다,29,원형
걸려하다,29,-어 하다
겁나다,30,원형
겁내다,30,명사+기타
격노하다,31,원형
격분하다,32,원형
격분되다,32,명사+기타
격앙하다,33,원형
격앙되다,33,명사+기타
격하다,34,원형
격해지다,34,지다
겸연쩍다,35,원형
겸연쩍어지다,35,지다
겸연쩍어하다,35,-어 하다
경멸스럽다,36,원형
경멸스러워지다,36,지다
경멸스러워하다,36,-어 하다
경멸하다,37,원형
경악스럽다,38,원형
경악스러워지다,38,지다
경악스러워하다,38,-어 하다
경악하다,39,원형
경탄하다,40,원형
고뇌하다,41,원형
고독하다,42,원형
고독해지다,42,지다
고독해하다,42,-어 하다
고루하다,43,원형
고루해지다,43,지다
고루해하다,43,-어 하다
고리타분하다,44,원형
고리타분해지다,44,지다
고리타분해하다,44,-어 하다
고립되다,45,원형
고립돼지다,45,지다
고맙다,46,원형
고마워지다,46,지다
고마워하다,46,-어 하다
고무되다,47,원형
고무돼지다,47,지다
고민스럽다,48,원형
고민스러워지다,48,지다
고민스러워하다,48,-어 하다
고민하다,49,원형
고민되다,49,명사+기타
고적하다,50,원형
고적해지다,50,지다
고적해하다,50,-어 하다
고통스럽다,51,원형
고통스러워지다,51,지다
고통스러워하다,51,-어 하다
고통되다,51,명사+기타
고통받다,51,명사+기타
곤란하다,52,원형
곤란해지다,52,지다
곤란해하다,52,-어 하다
골나다,53,원형
골나하다,53,-어 하다
골내다,53,명사+기타
공감하다,54,원형
공감되다,54,명사+기타
공감가다,54,명사+기타
공포스럽다,55,원형
공포스러워지다,55,지다
공포스러워하다,55,-어 하다
공허하다,56,원형
공허해지다,56,지다
공허해하다,56,-어 하다
괘씸하다,57,원형
괘씸해지다,57,지다
괘씸해하다,57,-어 하다
괴롭다,58,원형
괴로워지다,58,지다
괴로워하다,58,-어 하다
교감하다,59,원형
교감되다,59,명사+기타
구슬프다,60,원형
구슬퍼지다,60,지다
구슬퍼하다,60,-어 하다
구역질나다,61,원형
굴욕스럽다,62,원형
굴욕스러워지다,62,지다
굴욕스러워하다,62,-어 하다
궁금하다,63,원형
궁금해지다,63,지다
궁금해하다,63,-어 하다
권태롭다,64,원형
권태로워지다,64,지다
권태로워하다,64,-어 하다
귀엽다,65,원형
귀여워지다,65,지다
귀여워하다,65,-어 하다
귀찮다,66,원형
귀찮아지다,66,지다
귀찮아하다,66,-어 하다
기겁하다,67,원형
기겁해하다,67,-어 하다
기고만장하다,68,원형
기고만장해지다,68,지다
기고만장해하다,68,-어 하다
기막히다,69,원형
기막혀하다,69,-어 하다
기쁘다,70,원형
기뻐하다,70,-어 하다
기절초풍하다,71,원형
기절초풍해지다,71,지다
기절초풍해하다,71,-어 하다
기죽다,72,원형
기죽어하다,72,-어 하다
기차다,72,명사+기타
긴장하다,73,원형
긴장되다,73,명사+기타
꺼리다,74,원형
꺼려지다,74,지다
꺼려하다,74,-어 하다
꺼림칙하다,75,원형
꺼림칙해지다,75,지다
꺼림칙해하다,75,-어 하다
껄끄럽다,76,원형
껄끄러워지다,76,지다
껄끄러워하다,76,-어 하다
께름칙하다,77,원형
께름칙해지다,77,지다
께름칙해하다,77,-어 하다
께름하다,78,원형
께름해지다,78,지다
께름해하다,78,-어 하다
끌리다,79,원형
끌려하다,79,-어 하다
끔찍스럽다,80,원형
끔찍스러워지다,80,지다
끔찍스러워하다,80,-어 하다
끔찍하다,81,원형
끔찍해지다,81,지다
끔찍해하다,81,-어 하다
낙담하다,82,원형
낙담해지다,82,지다
낙담해하다,82,-어 하다
낙망하다,83,원형
낙망해지다,83,지다
낙망해하다,83,-어 하다
낙망되다,83,명사+기타
낙심하다,84,원형
낙심해지다,84,지다
낙심해하다,84,-어 하다
낙심되다,84,명사+기타
난감하다,85,원형
난감해지다,85,지다
난감해하다,85,-어 하다
난처하다,86,원형
난처해지다,86,지다
난처해하다,86,-어 하다
남부끄럽다,87,원형
남부끄러워지다,87,지다
남부끄러워하다,87,-어 하다
남부럽다,88,원형
남부러워지다,88,지다
남부러워하다,88,-어 하다
낭패하다,89,원형
낭패되다,89,명사+기타
낭패보다,89,명사+기타
낯간지럽다,90,원형
낯간지러워지다,90,지다
낯간지러워하다,90,-어 하다
낯뜨겁다,91,원형
낯뜨거워지다,91,지다
낯뜨거워하다,91,-어 하다
낯설다,92,원형
낯설어지다,92,지다
낯설어하다,92,-어 하다
냉담하다,93,원형
냉담해지다,93,지다
노발대발하다,94,원형
노발대발해지다,94,지다
노심초사하다,95,원형
노심초사해지다,95,지다
노엽다,96,원형
노여워지다,96,지다
노여워하다,96,-어 하다
노하다,97,원형
놀라다,98,원형
놀랍다,99,원형
놀라워하다,99,-어 하다
눈물겹다,100,원형
눈물겨워지다,100,지다
눈물겨워하다,100,-어 하다
뉘우치다,101,원형
뉘우쳐지다,101,지다
달갑다,102,원형
달가워지다,102,지다
달가워하다,102,-어 하다
담담하다,103,원형
담담해지다,103,지다
담담해하다,103,-어 하다
답답스럽다,104,원형
답답스러워지다,104,지다
답답하다,105,원형
답답해지다,105,지다
답답해하다,105,-어 하다
당혹스럽다,106,원형
당혹스러워지다,106,지다
당혹스러워하다,106,-어 하다
당혹하다,107,원형
당혹해하다,107,-어 하다
당황스럽다,108,원형
당황스러워지다,108,지다
당황스러워하다,108,-어 하다
당황하다,109,원형
당황해하다,109,-어 하다
당황되다,109,명사+기타
대견스럽다,110,원형
대견스러워지다,110,지다
대견스러워하다,110,-어 하다
대견하다,111,원형
대견해지다,111,지다
대견해하다,111,-어 하다
덤덤하다,112,원형
덤덤해지다,112,지다
덤덤해하다,112,-어 하다
덧없다,113,원형
덧없어지다,113,지다
덧없어하다,113,-어 하다
도취하다,114,원형
도취되다,114,명사+기타
동감하다,115,원형
동감되다,115,명사+기타
동경하다,116,원형
동요하다,117,원형
동요되다,117,명사+기타
동정하다,118,원형
두렵다,119,원형
두려워지다,119,지다
두려워하다,119,-어 하다
뒤숭숭하다,120,원형
뒤숭숭해지다,120,지다
뒤숭숭해하다,120,-어 하다
든든하다,121,원형
든든해지다,121,지다
든든해하다,121,-어 하다
들뜨다,122,원형
듬직하다,123,원형
듬직해지다,123,지다
듬직해하다,123,-어 하다
따분하다,124,원형
따분해지다,124,지다
따분해하다,124,-어 하다
딱하다,125,원형
딱해지다,125,지다
딱해하다,125,-어 하다
떠름하다,126,원형
떠름해지다,126,지다
떠름해하다,126,-어 하다
떨떠름하다,127,원형
떨떠름해지다,127,지다
떨떠름해하다,127,-어 하다
떫다,128,원형
떫어지다,128,지다
떫어하다,128,-어 하다
떳떳하다,129,원형
떳떳해지다,129,지다
떳떳해하다,129,-어 하다
뜨끔하다,130,원형
뜨끔해지다,130,지다
뜨끔해하다,130,-어 하다
뜨악하다,131,원형
뜨악해지다,131,지다
뜨악해하다,131,-어 하다
막막하다,132,원형
막막해지다,132,지다
막막해하다,132,-어 하다
막연하다,133,원형
막연해지다,133,지다
막연해하다,133,-어 하다
만만하다,134,원형
만만해지다,134,지다
만만해하다,134,-어 하다
만족스럽다,135,원형
만족스러워지다,135,지다
만족스러워하다,135,-어 하다
만족하다,136,원형
만족해지다,136,지다
만족해하다,136,-어 하다
만족되다,136,명사+기타
맘놓다,137,원형
맘놔지다,137,지다
맘놔하다,137,-어 하다
망설이다,138,원형
망설여지다,138,지다
망설여하다,138,-어 하다
망신스럽다,139,원형
망신스러워지다,139,지다
망신스러워하다,139,-어 하다
망연자실하다,140,원형
망연자실해지다,140,지다
망연자실해하다,140,-어 하다
망연하다,141,원형
망연해지다,141,지다
망연해하다,141,-어 하다
매료하다,142,원형
매료되다,142,명사+기타
매혹하다,143,원형
매혹되다,143,명사+기타
맥빠지다,144,원형
맥빠져하다,144,-어 하다
맺히다,145,원형
맺혀하다,145,-어 하다
머쓱하다,146,원형
머쓱해지다,146,지다
머쓱해하다,146,-어 하다
멋쩍다,147,원형
멋쩍어지다,147,지다
멋쩍어하다,147,-어 하다
모멸스럽다,148,원형
모멸스러워지다,148,지다
모멸스러워하다,148,-어 하다
모멸하다,149,원형
모멸당하다,149,-어 하다
모욕스럽다,150,원형
모욕스러워지다,150,지다
모욕스러워하다,150,-어 하다
모욕하다,151,원형
모욕받다,151,-어 하다
모욕당하다,151,명사+기타
못마땅하다,152,원형
못마땅해지다,152,지다
못마땅해하다,152,-어 하다
무료하다,153,원형
무료해지다,153,지다
무료해하다,153,-어 하다
무상하다,154,원형
무상해지다,154,지다
무상해하다,154,-어 하다
무색하다,155,원형
무색해지다,155,지다
무색해하다,155,-어 하다
무섭다,156,원형
무서워지다,156,지다
무서워하다,156,-어 하다
무시무시하다,157,원형
무시무시해지다,157,지다
무시무시해하다,157,-어 하다
무안스럽다,158,원형
무안스러워지다,158,지다
무안스러워하다,158,-어 하다
무안하다,159,원형
무안해지다,159,지다
무안해하다,159,-어 하다
무정하다,160,원형
무정해지다,160,지다
무정해하다,160,-어 하다
물리다,161,원형
물려하다,161,-어 하다
뭉클하다,162,원형
뭉클해지다,162,지다
뭉클해하다,162,-어 하다
미덥다,163,원형
미더워지다,163,지다
미더워하다,163,-어 하다
미쁘다,164,원형
미뻐지다,164,지다
미뻐하다,164,-어 하다
미안스럽다,165,원형
미안스러워지다,165,지다
미안스러워하다,165,-어 하다
미안하다,166,원형
미안해지다,166,지다
미안해하다,166,-어 하다
민망스럽다,167,원형
민망스러워지다,167,지다
민망스러워하다,167,-어 하다
민망하다,168,원형
민망해지다,168,지다
민망해하다,168,-어 하다
믿다,169,원형
믿어지다,169,지다
믿어하다,169,-어 하다
믿음직스럽다,170,원형
믿음직스러워지다,170,지다
믿음직스러워하다,170,-어 하다
밉다,171,원형
미워지다,171,지다
미워하다,171,-어 하다
밉살스럽다,172,원형
밉살스러워지다,172,지다
밉살스러워하다,172,-어 하다
반갑다,173,원형
반가워지다,173,지다
반가워하다,173,-어 하다
반하다,174,원형
반항하다,175,원형
발끈하다,176,원형
발끈해지다,176,지다
발끈해하다,176,-어 하다
벅차다,177,원형
벅차하다,177,-어 하다
벅차오르다,177,명사+기타
번민하다,178,원형
보람차다,179,원형
보람차하다,179,-어 하다
보람되다,179,명사+기타
부끄럽다,180,원형
부끄러워지다,180,지다
부끄러워하다,180,-어 하다
부럽다,181,원형
부러워지다,181,지다
부러워하다,181,-어 하다
부아나지다,182,지다
부아나하다,182,-어 하다
부아나다,182,명사+기타
부아내다,182,명사+기타
분개하다,183,원형
분개해하다,183,-어 하다
분개되다,183,명사+기타
분노하다,184,원형
분노해하다,184,-어 하다
분노되다,184,명사+기타
분통터지다,185,원형
분통터져하다,185,-어 하다
분하다,186,원형
분해지다,186,지다
분해하다,186,-어 하다
불만족스럽다,187,원형
불만족스러워지다,187,지다
불만족스러워하다,187,-어 하다
불만족하다,188,원형
불만족해하다,188,-어 하다
불쌍하다,189,원형
불쌍해지다,189,지다
불쌍해하다,189,-어 하다
불안스럽다,190,원형
불안스러워지다,190,지다
불안스러워하다,190,-어 하다
불안하다,191,원형
불안해지다,191,지다
불안해하다,191,-어 하다
불쾌스럽다,192,원형
불쾌스러워지다,192,지다
불쾌스러워하다,192,-어 하다
불쾌하다,193,원형
불쾌해지다,193,지다
불쾌해하다,193,-어 하다
불편스럽다,194,원형
불편스러워지다,194,지다
불편하다,195,원형
불편해지다,195,지다
불편해하다,195,-어 하다
불평하다,196,원형
비련하다,197,원형
비련해지다,197,지다
비분강개하다,198,원형
비분강개해지다,198,지다
비분강개해하다,198,-어 하다
비아냥거려지다,199,지다
비아냥거려하다,199,-어 하다
비아냥거리다,199,명사+기타
비위돌려하다,200,-어 하다
비위돌리다,200,명사+기타
비장하다,201,원형
비장해지다,201,지다
비장해하다,201,-어 하다
비참하다,202,원형
비참해지다,202,지다
비참해하다,202,-어 하다
비탄하다,203,원형
비탄해지다,203,지다
비탄해하다,203,-어 하다
비통하다,204,원형
비통해지다,204,지다
비통해하다,204,-어 하다
뼈아프다,205,원형
뼈아파지다,205,지다
뼈아파하다,205,-어 하다
뾰로통하다,206,원형
뾰로통해지다,206,지다
뾰로통해하다,206,-어 하다
뿌듯하다,207,원형
뿌듯해지다,207,지다
뿌듯해하다,207,-어 하다
사랑스럽다,208,원형
사랑스러워지다,208,지다
사랑스러워하다,208,-어 하다
사랑하다,209,원형
사랑받다,209,명사+기타
사모하다,210,원형
삭막하다,211,원형
삭막해지다,211,지다
삭막해하다,211,-어 하다
삭연하다,212,원형
삭연해지다,212,지다
살맛나다,213,원형
살맛나지다,213,지다
살맛나하다,213,-어 하다
상심하다,214,원형
상심해지다,214,지다
상심해하다,214,-어 하다
상심되다,214,명사+기타
상쾌하다,215,원형
상쾌해지다,215,지다
상쾌해하다,215,-어 하다
샐쭉하다,216,원형
샐쭉해지다,216,지다
샘나다,217,원형
샘내다,217,명사+기타
서글프다,218,원형
서글퍼지다,218,지다
서글퍼하다,218,-어 하다
서럽다,219,원형
서러워지다,219,지다
서러워하다,219,-어 하다
서먹서먹하다,220,원형
서먹서먹해지다,220,지다
서먹서먹해하다,220,-어 하다
서먹하다,221,원형
서먹해지다,221,지다
서먹해하다,221,-어 하다
서운하다,222,원형
서운해지다,222,지다
서운해하다,222,-어 하다
설레이다,223,원형
설레여하다,223,-어 하다
섬뜩하다,224,원형
섬뜩해지다,224,지다
섬뜩해하다,224,-어 하다
섭섭하다,225,원형
섭섭해지다,225,지다
섭섭해하다,225,-어 하다
섭하다,226,원형
섭해지다,226,지다
섭해하다,226,-어 하다
성가시다,227,원형
성가셔지다,227,지다
성가셔하다,227,-어 하다
성나다,228,원형
성내다,228,명사+기타
성질나다,229,원형
성질내다,229,명사+기타
소름끼쳐하다,230,-어 하다
소름끼치다,230,명사+기타
소망하다,231,원형
소망되다,231,명사+기타
소소하다,232,원형
소소해지다,232,지다
소소해하다,232,-어 하다
소외되다,233,원형
소원하다,234,원형
소원하다,235,원형
소원해지다,235,지다
소원해하다,235,-어 하다
속상하다,236,원형
속상해지다,236,지다
속상해하다,236,-어 하다
속시원해지다,237,지다
속시원해하다,237,-어 하다
속시원하다,237,명사+기타
속타다,238,원형
속타하다,238,-어 하다
송구스럽다,239,원형
송구스러워지다,239,지다
송구스러워하다,239,-어 하다
송구하다,240,원형
송구해지다,240,지다
송구해하다,240,-어 하다
송연하다,241,원형
송연해지다,241,지다
송연해하다,241,-어 하다
수줍다,242,원형
수줍어지다,242,지다
수줍어하다,242,-어 하다
수치스럽다,243,원형
수치스러워지다,243,지다
수치스러워하다,243,-어 하다
숙연하다,244,원형
숙연해지다,244,지다
숙연해하다,244,-어 하다
스산스럽다,245,원형
스산스러워지다,245,지다
스산스러워하다,245,-어 하다
스산하다,246,원형
스산해지다,246,지다
스산해하다,246,-어 하다
슬겁다,247,원형
슬거워지다,247,지다
슬거워하다,247,-어 하다
슬프다,248,원형
슬퍼지다,248,지다
슬퍼하다,248,-어 하다
시기하다,249,원형
시기해지다,249,지다
시들하다,250,원형
시들해지다,250,지다
시들해하다,250,-어 하다
시름겹다,251,원형
시름겨워지다,251,지다
시름겨워하다,251,-어 하다
시무룩하다,252,원형
시무룩해지다,252,지다
시무룩해하다,252,-어 하다
시샘하다,253,원형
시샘나다,253,명사+기타
시시하다,254,원형
시시해지다,254,지다
시시해하다,254,-어 하다
시원섭섭하다,255,원형
시원섭섭해지다,255,지다
시원섭섭해하다,255,-어 하다
시원스럽다,256,원형
시원스러워지다,256,지다
시원스러워하다,256,-어 하다
시원찮다,257,원형
시원찮아지다,257,지다
시원찮아하다,257,-어 하다
시원하다,258,원형
시원해지다,258,지다
시원해하다,258,-어 하다
시큰둥하다,259,원형
시큰둥해지다,259,지다
시큰둥해하다,259,-어 하다
시틋하다,260,원형
시틋해지다,260,지다
시틋해하다,260,-어 하다
식상하다,261,원형
식상해지다,261,지다
식상해하다,261,-어 하다
신경질나다,262,원형
신경질내다,262,명사+기타
신나다,263,원형
신나지다,263,지다
신나하다,263,-어 하다
신명나다,264,원형
신명나지다,264,지다
신명나하다,264,-어 하다
신물나다,265,원형
신물나지다,265,지다
신물나하다,265,-어 하다
신바람나다,266,원형
신바람나하다,266,-어 하다
실망스럽다,267,원형
실망스러워지다,267,지다
실망스러워하다,267,-어 하다
실망하다,268,원형
실망해하다,268,-어 하다
실망되다,268,명사+기타
싫다,269,원형
싫어지다,269,지다
싫어하다,269,-어 하다
싫증나다,270,원형
싫증나지다,270,지다
싫증나하다,270,-어 하다
싫증내다,270,명사+기타
심드렁하다,271,원형
심드렁해지다,271,지다
심드렁해하다,271,-어 하다
심란스럽다,272,원형
심란스러워지다,272,지다
심란스러워하다,272,-어 하다
심란하다,273,원형
심란해지다,273,지다
심란해하다,273,-어 하다
심려스럽다,274,원형
심려스러워지다,274,지다
심려스러워하다,274,-어 하다
심려하다,275,원형
심려되다,275,명사+기타
심심하다,276,원형
심심해지다,276,지다
심심해하다,276,-어 하다
심통나다,277,원형
심통나지다,277,지다
심통내다,277,명사+기타
싱숭생숭하다,278,원형
싱숭생숭해지다,278,지다
싱숭생숭해하다,278,-어 하다
쌀쌀하다,279,원형
쌀쌀해지다,279,지다
쌀쌀해하다,279,-어 하다
쑥스럽다,280,원형
쑥쓰러워지다,280,지다
쑥쓰러워하다,280,-어 하다
씁쓸하다,281,원형
씁쓸해지다,281,지다
씁쓸해하다,281,-어 하다
아깝다,282,원형
아까워지다,282,지다
아까워하다,282,-어 하다
아니꼽다,283,원형
아니꼬워지다,283,지다
아니꼬워하다,283,-어 하다
아름답다,284,원형
아름다워지다,284,지다
아름다워하다,284,-어 하다
아리다,285,원형
아려지다,285,지다
아려하다,285,-어 하다
아쉽다,286,원형
아쉬워지다,286,지다
아쉬워하다,286,-어 하다
아슬아슬하다,287,원형
아슬아슬해지다,287,지다
아슬아슬해하다,287,-어 하다
아연실색하다,288,원형
아연실색해지다,288,지다
아연실색해하다,288,-어 하다
아연하다,289,원형
아연해지다,289,지다
아연해하다,289,-어 하다
아프다,290,원형
아파하다,290,-어 하다
안달복달하다,291,원형
안달복달해지다,291,지다
안달복달해하다,291,-어 하다
안달복달되다,291,명사+기타
안달하다,292,원형
안달해지다,292,지다
안달해하다,292,-어 하다
안달되다,292,명사+기타
안도하다,293,원형
안도해지다,293,지다
안도해하다,293,-어 하다
안도되다,293,명사+기타
안심하다,294,원형
안심해지다,294,지다
안심해하다,294,-어 하다
안심되다,294,명사+기타
안쓰럽다,295,원형
안쓰러워지다,295,지다
안쓰러워하다,295,-어 하다
안절부절하다,296,원형
안절부절해지다,296,지다
안절부절해하다,296,-어 하다
안절부절되다,296,명사+기타
안정하다,297,원형
안정되다,297,명사+기타
안타깝다,298,원형
안타까워지다,298,지다
안타까워하다,298,-어 하다
암담하다,299,원형
암담해지다,299,지다
암담해하다,299,-어 하다
애끓다,300,원형
애끓어하다,300,-어 하다
애달프다,301,원형
애달퍼지다,301,지다
애달퍼하다,301,-어 하다
애련하다,302,원형
애련해지다,302,지다
애련해하다,302,-어 하다
애석하다,303,원형
애석해지다,303,지다
애석해하다,303,-어 하다
애잔하다,304,원형
애잔해지다,304,지다
애잔해하다,304,-어 하다
애절하다,305,원형
애절해지다,305,지다
애절해하다,305,-어 하다
애지중지하다,306,원형
애지중지해지다,306,지다
애지중지해하다,306,-어 하다
애착하다,307,원형
애착가다,307,명사+기타
애처롭다,308,원형
애처로워지다,308,지다
애처로워하다,308,-어 하다
애타다,309,원형
애타하다,309,-어 하다
애통하다,310,원형
애통해지다,310,지다
애통해하다,310,-어 하다
애틋하다,311,원형
애틋해지다,311,지다
애틋해하다,311,-어 하다
야박스럽다,312,원형
야박스러워지다,312,지다
야박스러워하다,312,-어 하다
야박하다,313,원형
야박해지다,313,지다
야박해하다,313,-어 하다
,313,명사+기타
야속스럽다,314,원형
야속스러워지다,314,지다
야속스러워하다,314,-어 하다
,314,명사+기타
야속하다,315,원형
야속해지다,315,지다
야속해하다,315,-어 하다
,315,명사+기타
약오르다,316,원형
약올라하다,316,-어 하다
,316,명사+기타
얄밉다,317,원형
얄미워지다,317,지다
얄미워하다,317,-어 하다
,317,명사+기타
어리둥절하다,318,원형
어리둥절해지다,318,지다
어리둥절해하다,318,-어 하다
,318,명사+기타
어색스럽다,319,원형
어색스러워지다,319,지다
어색스러워하다,319,-어 하다
어색하다,320,원형
어색해지다,320,지다
어색해하다,320,-어 하다
어수선스럽다,321,원형
어수선스러워지다,321,지다
어수선스러워하다,321,-어 하다
어수선하다,322,원형
어수선해지다,322,지다
어수선해하다,322,-어 하다
어이없다,323,원형
어이없어지다,323,지다
어이없어하다,323,-어 하다
어처구니없다,324,원형
어처구니없어지다,324,지다
어처구니없어하다,324,-어 하다
억울하다,325,원형
억울해지다,325,지다
억울해하다,325,-어 하다
언짢다,326,원형
언짢아지다,326,지다
언짢아하다,326,-어 하다
얼떨떨하다,327,원형
얼떨떨해지다,327,지다
얼떨떨해하다,327,-어 하다
역겹다,328,원형
역겨워지다,328,지다
역겨워하다,328,-어 하다
역정나다,329,원형
역정내지다,329,지다
역정내다,329,명사+기타
연모하다,330,원형
연민하다,331,원형
연정하다,332,원형
연정해지다,332,지다
열광하다,333,원형
열광해지다,333,지다
열광해하다,333,-어 하다
열광되다,333,명사+기타
열망하다,334,원형
열망해지다,334,지다
열망해하다,334,-어 하다
열망되다,334,명사+기타
열애하다,335,원형
염려스럽다,336,원형
염려스러워지다,336,지다
염려스러워하다,336,-어 하다
염려하다,337,원형
염려해지다,337,지다
염려되다,337,명사+기타
염원하다,338,원형
염원해지다,338,지다
염원되다,338,명사+기타
염증나다,339,원형
염증나지다,339,지다
염증나하다,339,-어 하다
염증내다,339,명사+기타
영광스럽다,340,원형
영광스러워지다,340,지다
영광스러워하다,340,-어 하다
영광되다,340,명사+기타
예쁘다,341,원형
예뻐지다,341,지다
예뻐하다,341,-어 하다
외롭다,342,원형
외로워지다,342,지다
외로워하다,342,-어 하다
욕기부리다,343,원형
욕기부려지다,343,지다
욕심나다,344,원형
욕심내다,344,명사+기타
우려스럽다,345,원형
우려스러워지다,345,지다
우려스러워하다,345,-어 하다
우려하다,346,원형
우려해하다,346,-어 하다
우려되다,346,명사+기타
우습다,347,원형
우스워지다,347,지다
우스워하다,347,-어 하다
우울하다,348,원형
우울해지다,348,지다
우울해하다,348,-어 하다
우쭐하다,349,원형
우쭐해지다,349,지다
우쭐해하다,349,-어 하다
울분스럽다,350,원형
울분스러워지다,350,지다
울분스러워하다,350,-어 하다
울분하다,351,원형
울분해지다,351,지다
울분해하다,351,-어 하다
울적하다,352,원형
울적해지다,352,지다
울적해하다,352,-어 하다
울화치밀다,353,원형
울화치밀어지다,353,지다
울화치밀어하다,353,-어 하다
원망스럽다,354,원형
원망스러워지다,354,지다
원망스러워하다,354,-어 하다
원망하다,355,원형
원망해지다,355,지다
원망해하다,355,-어 하다
원망되다,355,명사+기타
원통스럽다,356,원형
원통스러워지다,356,지다
원통스러워하다,356,-어 하다
원통하다,357,원형
원통해지다,357,지다
원통해하다,357,-어 하다
위축되다,358,원형
위축돼지다,358,지다
위축돼하다,358,-어 하다
유감스럽다,359,원형
유감스러워지다,359,지다
유감스러워하다,359,-어 하다
유감되다,359,명사+기타
유쾌하다,360,원형
유쾌해지다,360,지다
유쾌해하다,360,-어 하다
은혜스럽다,361,원형
은혜스러워지다,361,지다
은혜스러워하다,361,-어 하다
은혜롭다,362,원형
은혜로워지다,362,지다
은혜로워하다,362,-어 하다
은혜되다,362,명사+기타
음울하다,363,원형
음울해지다,363,지다
음울해하다,363,-어 하다
의기소침하다,364,원형
의기소침해지다,364,지다
의기소침해하다,364,-어 하다
의기양양하다,365,원형
의기양양해지다,365,지다
의기양양해하다,365,-어 하다
의심스럽다,366,원형
의심스러워지다,366,지다
의심스러워하다,366,-어 하다
의심하다,367,원형
의심되다,367,명사+기타
의아스럽다,368,원형
의아스러워지다,368,지다
의아스러워하다,368,-어 하다
의아하다,369,원형
의아해지다,369,지다
의아해하다,369,-어 하다
이상야릇하다,370,원형
이상야릇해지다,370,지다
이상야릇해하다,370,-어 하다
자괴하다,371,원형
자괴해지다,371,지다
자괴되다,371,명사+기타
자긍하다,372,원형
자긍해지다,372,지다
자긍되다,372,명사+기타
자랑스럽다,373,원형
자랑스러워지다,373,지다
자랑스러워하다,373,-어 하다
자랑하다,374,원형
자부하다,375,원형
자신만만하다,376,원형
자신만만해지다,376,지다
자신만만해하다,376,-어 하다
자신하다,377,원형
자족하다,378,원형
자족해지다,378,지다
자족해하다,378,-어 하다
자책하다,379,원형
자책해지다,379,지다
자책되다,379,명사+기타
자포자기하다,380,원형
자포자기해지다,380,지다
자포자기되다,380,명사+기타
재미있다,381,원형
재미있어지다,381,지다
재미있어하다,381,-어 하다
적적하다,382,원형
적적해지다,382,지다
적적해하다,382,-어 하다
전율하다,383,원형
전율해지다,383,지다
전율되다,383,명사+기타
전전긍긍하다,384,원형
전전긍긍해지다,384,지다
전전긍긍해하다,384,-어 하다
절절하다,385,원형
절절해지다,385,지다
절절해하다,385,-어 하다
정가다,386,원형
정겹다,387,원형
정겨워지다,387,지다
정겨워하다,387,-어 하다
조마조마하다,388,원형
조마조마해지다,388,지다
조마조마해하다,388,-어 하다
조바심하다,389,원형
조바심들다,389,명사+기타
조바심일다,389,명사+기타
조바심나다,390,원형
조바심내다,390,명사+기타
좋다,391,원형
좋아지다,391,지다
좌절하다,392,원형
좌절되다,392,명사+기타
죄송스럽다,393,원형
죄송스러워지다,393,지다
죄송스러워하다,393,-어 하다
죄송하다,394,원형
죄송해지다,394,지다
죄송해하다,394,-어 하다
죄스럽다,395,원형
죄스러워지다,395,지다
죄스러워하다,395,-어 하다
주눅들다,396,원형
주눅들어지다,396,지다
주눅들어하다,396,-어 하다
즐겁다,397,원형
즐거워지다,397,지다
즐거워하다,397,-어 하다
즐기다,398,원형
즐겨하다,398,-어 하다
증오스럽다,399,원형
증오스러워지다,399,지다
증오스러워하다,399,-어 하다
증오하다,400,원형
증오해지다,400,지다
증오되다,400,명사+기타
지겹다,401,원형
지겨워지다,401,지다
지겨워하다,401,-어 하다
지긋지긋하다,402,원형
지긋지긋해지다,402,지다
지긋지긋해하다,402,-어 하다
지루하다,403,원형
지루해지다,403,지다
지루해하다,403,-어 하다
진노하다,404,원형
진노되다,404,명사+기타
진력나다,405,원형
진력나지다,405,지다
진력나하다,405,-어 하다
진저리나다,406,원형
진저리나지다,406,지다
진저리치다,406,명사+기타
질겁하다,407,원형
질겁해지다,407,지다
질리다,408,원형
질려하다,408,-어 하다
질색하다,409,원형
질색해하다,409,-어 하다
질투하다,410,원형
질투나다,410,명사+기타
질투부리다,410,명사+기타
징그럽다,411,원형
징그러워지다,411,지다
징그러워하다,411,-어 하다
짜증나다,412,원형
짜증나지다,412,지다
짜증나하다,412,-어 하다
짜증내다,412,명사+기타
짜증스럽다,413,원형
짜증스러워지다,413,지다
짜증스러워하다,413,-어 하다
짝사랑하다,414,원형
쩨쩨하다,415,원형
쩨쩨해지다,415,지다
쩨쩨해하다,415,-어 하다
찝찝하다,416,원형
찝찝해지다,416,지다
찝찝해하다,416,-어 하다
찡하다,417,원형
찡해지다,417,지다
찡해하다,417,-어 하다
착잡하다,418,원형
착찹해지다,418,지다
착찹해하다,418,-어 하다
참담하다,419,원형
참담해지다,419,지다
참담해하다,419,-어 하다
창피스럽다,420,원형
창피스러워지다,420,지다
창피스러워하다,420,-어 하다
창피하다,421,원형
창피해지다,421,지다
창피해하다,421,-어 하다
책망하다,422,원형
책망받다,422,명사+기타
처량스럽다,423,원형
처량스러워지다,423,지다
처량스러워하다,423,-어 하다
처량하다,424,원형
처량해지다,424,지다
처량해하다,424,-어 하다
처연스럽다,425,원형
처연스러워지다,425,지다
처연스러워하다,425,-어 하다
처연하다,426,원형
처연해지다,426,지다
처연해하다,426,-어 하다
처참하다,427,원형
처참해지다,427,지다
처참해하다,427,-어 하다
초조하다,428,원형
초조해지다,428,지다
초조해하다,428,-어 하다
측은하다,429,원형
측은해지다,429,지다
측은해하다,429,-어 하다
치떨다,430,원형
치떨어지다,430,지다
치떨어하다,430,-어 하다
치떨리다,431,원형
치떨려지다,431,지다
치떨려하다,431,-어 하다
치사스럽다,432,원형
치사스러워지다,432,지다
치사스러워하다,432,-어 하다
치사하다,433,원형
치사해지다,433,지다
치사해하다,433,-어 하다
치욕스럽다,434,원형
치욕스러워지다,434,지다
치욕스러워하다,434,-어 하다
친애하다,435,원형
침울하다,436,원형
침울해지다,436,지다
침울해하다,436,-어 하다
침통하다,437,원형
침통해지다,437,지다
침통해하다,437,-어 하다
켕기다,438,원형
켕겨하다,438,-어 하다
코웃음치다,439,원형
코웃음쳐지다,439,지다
탄복하다,440,원형
탄식하다,441,원형
탐나다,442,원형
탐나하다,442,-어 하다
탐내다,442,명사+기타
탓하다,443,원형
탓해지다,443,지다
탓해하다,443,-어 하다
태평스럽다,444,원형
태평스러워지다,444,지다
태평스러워하다,444,-어 하다
태평하다,445,원형
태평해지다,445,지다
태평해하다,445,-어 하다
토라지다,446,원형
통쾌하다,447,원형
통쾌해지다,447,지다
통쾌해하다,447,-어 하다
통탄스럽다,448,원형
통탄스러워지다,448,지다
통탄스러워하다,448,-어 하다
통탄하다,449,원형
통탄해지다,449,지다
통탄해하다,449,-어 하다
투기하다,450,원형
편안하다,451,원형
편안해지다,451,지다
편안해하다,451,-어 하다
편찮다,452,원형
편찮아지다,452,지다
편찮아하다,452,-어 하다
평온하다,453,원형
평온해지다,453,지다
평온해하다,453,-어 하다
폐롭다,454,원형
폐로워지다,454,지다
폐되다,454,명사+기타
포기하다,455,원형
포기해지다,455,지다
포기되다,455,명사+기타
풀죽다,456,원형
풀죽어지다,456,지다
풀죽어하다,456,-어 하다
한맺히다,457,원형
한맺혀하다,457,-어 하다
한스럽다,458,원형
한스러워지다,458,지다
한스러워하다,458,-어 하다
한되다,458,명사+기타
한탄스럽다,459,원형
한탄스러워지다,459,지다
한탄스러워하다,459,-어 하다
한탄하다,460,원형
한탄해지다,460,지다
한탄해하다,460,-어 하다
한탄되다,460,명사+기타
행복하다,461,원형
행복해지다,461,지다
행복해하다,461,-어 하다
허망스럽다,462,원형
허망스러워지다,462,지다
허망스러워하다,462,-어 하다
허망하다,463,원형
허망해지다,463,지다
허망해하다,463,-어 하다
허망되다,463,명사+기타
허무하다,464,원형
허무해지다,464,지다
허무해하다,464,-어 하다
허전하다,465,원형
허전해지다,465,지다
허전해하다,465,-어 하다
허탈하다,466,원형
허탈해지다,466,지다
허탈해하다,466,-어 하다
허허롭다,467,원형
허허로워지다,467,지다
허허로워하다,467,-어 하다
혐오스럽다,468,원형
혐오스러워지다,468,지다
혐오스러워하다,468,-어 하다
혐오하다,469,원형
혐오되다,469,명사+기타
호감가다,470,원형
호감가지다,470,지다
호감받다,470,명사+기타
혼비백산하다,471,원형
혼비백산해지다,471,지다
홀가분하다,472,원형
홀가분해지다,472,지다
홀가분해하다,472,-어 하다
화나다,473,원형
화내지다,473,지다
화내다,473,명사+기타
환멸스럽다,474,원형
환멸스러워지다,474,지다
환멸스러워하다,474,-어 하다
환멸하다,475,원형
황공스럽다,476,원형
황공스러워지다,476,지다
황공스러워하다,476,-어 하다
황공하다,477,원형
황공해지다,477,지다
황공해하다,477,-어 하다
황송스럽다,478,원형
황송스러워지다,478,지다
황송스러워하다,478,-어 하다
황송하다,479,원형
황송해지다,479,지다
황송해하다,479,-어 하다
황홀하다,480,원형
황홀해지다,480,지다
황홀해하다,480,-어 하다
회개하다,481,원형
회환하다,482,원형
후련하다,483,원형
후련해지다,483,지다
후련해하다,483,-어 하다
후회스럽다,484,원형
후회스러워지다,484,지다
후회스러워하다,484,-어 하다
후회하다,485,원형
후회되다,485,명사+기타
흐뭇하다,486,원형
흐뭇해지다,486,지다
흐뭇해하다,486,-어 하다
흠모하다,487,원형
흡족스럽다,488,원형
흡족스러워지다,488,지다
흡족스러워하다,488,-어 하다
흡족하다,489,원형
흡족해지다,489,지다
흡족해하다,489,-어 하다
흥겹다,490,원형
흥겨워지다,490,지다
흥겨워하다,490,-어 하다
흥미롭다,491,원형
흥미로워지다,491,지다
흥미로워하다,491,-어 하다
흥미진진하다,492,원형
흥미진진해지다,492,지다
흥미진진해하다,492,-어 하다
흥분하다,493,원형
흥분해하다,493,-어 하다
흥분되다,493,명사+기타
